Workbook

Sheet Dashboard
C2: CPI Inflation Dashboard

Sheet Cleaned Data
A1: Sector | B1: Year | C1: Month | D1: Year+Month | E1: Month_Num | F1: Cereals and products | G1: Meat and fish | H1: Egg | I1: Milk and products | J1: Oils and fats | K1: Fruits | L1: Vegetables | M1: Pulses and products | N1: Sugar and Confectionery | O1: Spices | P1: Non-alcoholic beverages | Q1: Prepared meals, scks, sweets etc. | R1: Food and beverages | S1: Pan, tobacco and intoxicants | T1: Clothing | U1: Footwear | V1: Clothing and footwear | W1: Housing | X1: Fuel and light | Y1: Household goods and services | Z1: Health | AA1: Transport and communication | AB1: Recreation and amusement | AC1: Education | AD1: Persol care and effects | AE1: Miscellaneous | AF1: General index | AG1: Food and Beverages | AH1: Pan, tobacco and intoxicants | AI1: Clothing and Footwear | AJ1: Housing | AK1: Fuel and Light | AL1: Misc
A2: Rural | B2: 2023 | C2: May | D2: =CONCATENATE(B2,"-",C2) -> 2023-May | E2: 5 | F2: 173.86667 | G2: 215.06667 | H2: 173.63333 | I2: 179.5 | J2: 169.23333 | K2: 172.33333 | L2: 164.9 | M2: 175.8 | N2: 122.93333 | O2: 216.96667 | P2: 172.66667 | Q2: 194.33333 | R2: 179.66667 | S2: 201.7 | T2: 186.6 | U2: 178.56667 | V2: 185.43333 | W2: 175.6 | X2: 182.9 | Y2: 175.03333 | Z2: 185.23333 | AA2: 164.96667 | AB2: 171.4 | AC2: 177.4 | AD2: 185.23333 | AE2: 175.6 | AF2: 179.03333 | AG2: =SUM(F2:R2) -> 2310.9 | AH2: =SUM(S2) -> 201.7 | AI2: =SUM(T2:V2) -> 550.6 | AJ2: =SUM(W2) -> 175.6 | AK2: =SUM(X2) -> 182.9 | AL2: =SUM(Y2:AE2) -> 1234.8667
A3: Urban | B3: 2023 | C3: May | D3: =CONCATENATE(B3,"-",C3) -> 2023-May | E3: 5 | F3: 174.2 | G3: 216.85 | H3: 174.95 | I3: 179.45 | J3: 167.2 | K3: 174 | L3: 173 | M3: 176.25 | N3: 123.45 | O3: 214.95 | P3: 169.65 | Q3: 195.95 | R3: 181.1 | S3: 202.6 | T3: 184.3 | U3: 173.9 | V3: 182.75 | W3: 175.6 | X3: 183.1 | Y3: 172.65 | Z3: 183.95 | AA3: 162.6 | AB3: 170.2 | AC3: 175.95 | AD3: 185.4 | AE3: 173.65 | AF3: 178.65 | AG3: =SUM(F3:R3) -> 2321 | AH3: =SUM(S3) -> 202.6 | AI3: =SUM(T3:V3) -> 540.95 | AJ3: =SUM(W3) -> 175.6 | AK3: =SUM(X3) -> 183.1 | AL3: =SUM(Y3:AE3) -> 1224.4
A4: Rural+Urban | B4: 2023 | C4: May | D4: =CONCATENATE(B4,"-",C4) -> 2023-May | E4: 5 | F4: 173.7 | G4: 214.3 | H4: 173.2 | I4: 179.5 | J4: 170 | K4: 172.2 | L4: 161 | M4: 175.6 | N4: 122.7 | O4: 218 | P4: 173.4 | Q4: 194.2 | R4: 179.1 | S4: 201 | T4: 187.3 | U4: 179.7 | V4: 186.2 | W4: 175.6 | X4: 182.8 | Y4: 175.2 | Z4: 185.7 | AA4: 164.8 | AB4: 171.2 | AC4: 177.1 | AD4: 185.2 | AE4: 175.7 | AF4: 179.1 | AG4: =SUM(F4:R4) -> 2306.9 | AH4: =SUM(S4) -> 201 | AI4: =SUM(T4:V4) -> 553.2 | AJ4: =SUM(W4) -> 175.6 | AK4: =SUM(X4) -> 182.8 | AL4: =SUM(Y4:AE4) -> 1234.9
A5: Rural | B5: 2023 | C5: April | D5: =CONCATENATE(B5,"-",C5) -> 2023-April | E5: 4 | F5: 173.96 | G5: 212.16 | H5: 171.52 | I5: 178.88 | J5: 171.96 | K5: 174.8 | L5: 162.36 | M5: 174.54 | N5: 122.18 | O5: 213.82 | P5: 172.24 | Q5: 193.96 | R5: 179.08 | S5: 201.54 | T5: 186.22 | U5: 178.04 | V5: 184.98 | W5: 175.33333 | X5: 182.24 | Y5: 174.64 | Z5: 184.74 | AA5: 164.82 | AB5: 171.14 | AC5: 177.02 | AD5: 184.54 | AE5: 175.18 | AF5: 178.46 | AG5: =SUM(F5:R5) -> 2301.46 | AH5: =SUM(S5) -> 201.54 | AI5: =SUM(T5:V5) -> 549.24 | AJ5: =SUM(W5) -> 175.33333 | AK5: =SUM(X5) -> 182.24 | AL5: =SUM(Y5:AE5) -> 1232.08
A6: Urban | B6: 2023 | C6: April | D6: =CONCATENATE(B6,"-",C6) -> 2023-April | E6: 4 | F6: 174.04 | G6: 213.64 | H6: 172.58 | I6: 179.14 | J6: 170.26 | K6: 174.5 | L6: 166 | M6: 175.1 | N6: 122.64 | O6: 214.32 | P6: 171.28 | Q6: 194.7 | R6: 179.8 | S6: 201.84 | T6: 185.54 | U6: 176.52 | V6: 184.18 | W6: 175.4 | X6: 182.5 | Y6: 173.86 | Z6: 184.44 | AA6: 163.9 | AB6: 170.74 | AC6: 176.56 | AD6: 184.82 | AE6: 174.54 | AF6: 178.52 | AG6: =SUM(F6:R6) -> 2308 | AH6: =SUM(S6) -> 201.84 | AI6: =SUM(T6:V6) -> 546.24 | AJ6: =SUM(W6) -> 175.4 | AK6: =SUM(X6) -> 182.5 | AL6: =SUM(Y6:AE6) -> 1228.86
A7: Rural+Urban | B7: 2023 | C7: April | D7: =CONCATENATE(B7,"-",C7) -> 2023-April | E7: 4 | F7: 173.85 | G7: 213.625 | H7: 172.625 | I7: 179.225 | J7: 170.65 | K7: 173.325 | L7: 162.525 | M7: 175.2 | N7: 122.525 | O7: 215.95 | P7: 172.725 | Q7: 194.125 | R7: 179.225 | S7: 201.425 | T7: 186.675 | U7: 178.725 | V7: 185.5 | W7: 175.46667 | X7: 182.6 | Y7: 174.925 | Z7: 185.175 | AA7: 164.85 | AB7: 171.225 | AC7: 177.15 | AD7: 184.925 | AE7: 175.45 | AF7: 178.8 | AG7: =SUM(F7:R7) -> 2305.575 | AH7: =SUM(S7) -> 201.425 | AI7: =SUM(T7:V7) -> 550.9 | AJ7: =SUM(W7) -> 175.46667 | AK7: =SUM(X7) -> 182.6 | AL7: =SUM(Y7:AE7) -> 1233.7
A8: Rural | B8: 2023 | C8: March | D8: =CONCATENATE(B8,"-",C8) -> 2023-March | E8: 3 | F8: 174.3 | G8: 209.14 | H8: 173.32 | I8: 177.84 | J8: 176.38 | K8: 172.34 | L8: 158.46 | M8: 172.26 | N8: 120.9 | O8: 209.98 | P8: 171.7 | Q8: 193.4 | R8: 178.04 | S8: 200.72 | T8: 185.6 | U8: 177.54 | V8: 184.4 | W8: 174.06667 | X8: 181.9 | Y8: 174.14 | Z8: 184.1 | AA8: 164.5 | AB8: 170.7 | AC8: 175.92 | AD8: 182.28 | AE8: 174.36 | AF8: 177.54 | AG8: =SUM(F8:R8) -> 2288.06 | AH8: =SUM(S8) -> 200.72 | AI8: =SUM(T8:V8) -> 547.54 | AJ8: =SUM(W8) -> 174.06667 | AK8: =SUM(X8) -> 181.9 | AL8: =SUM(Y8:AE8) -> 1226
A9: Urban | B9: 2023 | C9: March | D9: =CONCATENATE(B9,"-",C9) -> 2023-March | E9: 3 | F9: 174.2 | G9: 209.96 | H9: 172.46 | I9: 178.12 | J9: 174.7 | K9: 174.16 | L9: 161.36 | M9: 172.84 | N9: 121.34 | O9: 210.14 | P9: 170.76 | Q9: 194.12 | R9: 178.66 | S9: 201.16 | T9: 184.98 | U9: 175.98 | V9: 183.62 | W9: 174.35 | X9: 181.96 | Y9: 173.34 | Z9: 183.78 | AA9: 163.6 | AB9: 170.28 | AC9: 175.5 | AD9: 182.94 | AE9: 173.78 | AF9: 177.56 | AG9: =SUM(F9:R9) -> 2292.82 | AH9: =SUM(S9) -> 201.16 | AI9: =SUM(T9:V9) -> 544.58 | AJ9: =SUM(W9) -> 174.35 | AK9: =SUM(X9) -> 181.96 | AL9: =SUM(Y9:AE9) -> 1223.22
A10: Rural+Urban | B10: 2023 | C10: March | D10: =CONCATENATE(B10,"-",C10) -> 2023-March | E10: 3 | F10: 173.9 | G10: 209.82 | H10: 171.22 | I10: 178.46 | J10: 174.92 | K10: 173.54 | L10: 155.92 | M10: 173.38 | N10: 121.34 | O10: 213.38 | P10: 173.52 | Q10: 193.02 | R10: 177.86 | S10: 200.6 | T10: 187.18 | U10: 180.16 | V10: 186.14 | W10: 174.63333 | X10: 181.94 | Y10: 175.46 | Z10: 185.18 | AA10: 165.58 | AB10: 171.36 | AC10: 177.06 | AD10: 183.62 | AE10: 175.68 | AF10: 178.26 | AG10: =SUM(F10:R10) -> 2290.28 | AH10: =SUM(S10) -> 200.6 | AI10: =SUM(T10:V10) -> 553.48 | AJ10: =SUM(W10) -> 174.63333 | AK10: =SUM(X10) -> 181.94 | AL10: =SUM(Y10:AE10) -> 1233.94
A11: Rural | B11: 2023 | C11: February | D11: =CONCATENATE(B11,"-",C11) -> 2023-February | E11: 2 | F11: 174.46 | G11: 208.5 | H11: 175.48 | I11: 177.42 | J11: 178.08 | K11: 169.62 | L11: 157.24 | M11: 171.26 | N11: 120.4 | O11: 208.7 | P11: 171.46 | Q11: 193.2 | R11: 177.62 | S11: 200.32 | T11: 185.34 | U11: 177.34 | V11: 184.14 | W11: 173.5 | X11: 182.1 | Y11: 173.96 | Z11: 183.84 | AA11: 164.36 | AB11: 170.54 | AC11: 175.4 | AD11: 181.06 | AE11: 173.98 | AF11: 177.16 | AG11: =SUM(F11:R11) -> 2283.44 | AH11: =SUM(S11) -> 200.32 | AI11: =SUM(T11:V11) -> 546.82 | AJ11: =SUM(W11) -> 173.5 | AK11: =SUM(X11) -> 182.1 | AL11: =SUM(Y11:AE11) -> 1223.14
A12: Urban | B12: 2023 | C12: February | D12: =CONCATENATE(B12,"-",C12) -> 2023-February | E12: 2 | F12: 174.5 | G12: 209 | H12: 175.74 | I12: 177.48 | J12: 177.24 | K12: 170.08 | L12: 159.62 | M12: 171.4 | N12: 120.58 | O12: 208.22 | P12: 170.4 | Q12: 193.82 | R12: 178.06 | S12: 200.56 | T12: 184.56 | U12: 175.68 | V12: 183.24 | W12: 173.5 | X12: 182.16 | Y12: 173.08 | Z12: 183.4 | AA12: 163.4 | AB12: 170.04 | AC12: 174.7 | AD12: 181.12 | AE12: 173.22 | AF12: 177 | AG12: =SUM(F12:R12) -> 2286.14 | AH12: =SUM(S12) -> 200.56 | AI12: =SUM(T12:V12) -> 543.48 | AJ12: =SUM(W12) -> 173.5 | AK12: =SUM(X12) -> 182.16 | AL12: =SUM(Y12:AE12) -> 1218.96
A13: Rural+Urban | B13: 2023 | C13: February | D13: =CONCATENATE(B13,"-",C13) -> 2023-February | E13: 2 | F13: 174.22 | G13: 207.94 | H13: 173.88 | I13: 177.54 | J13: 178.5 | K13: 170.4 | L13: 153.02 | M13: 171.52 | N13: 120.28 | O13: 210.36 | P13: 173.06 | Q13: 192.6 | R13: 177.02 | S13: 199.92 | T13: 186.64 | U13: 179.74 | V13: 185.64 | W13: 173.5 | X13: 181.9 | Y13: 175.06 | Z13: 184.68 | AA13: 165.32 | AB13: 171 | AC13: 176.08 | AD13: 181.6 | AE13: 175 | AF13: 177.5 | AG13: =SUM(F13:R13) -> 2280.34 | AH13: =SUM(S13) -> 199.92 | AI13: =SUM(T13:V13) -> 552.02 | AJ13: =SUM(W13) -> 173.5 | AK13: =SUM(X13) -> 181.9 | AL13: =SUM(Y13:AE13) -> 1228.74
... A373: Rural+Urban | B373: 2013 | C373: January | D373: =CONCATENATE(B373,"-",C373) -> 2013-January | E373: 1 | F373: 110.22 | G373: 109.58 | H373: 111.96 | I373: 104.86 | J373: 105.4 | K373: 103.92 | L373: 102.82 | M373: 105.4 | N373: 105.16 | O373: 102.84 | P373: 105.42 | Q373: 108.1 | R373: 106.46 | S373: 105.78 | T373: 106.9 | U373: 106.02 | V373: 106.78 | W373: 100.36667 | X373: 105.9 | Y373: 105.2 | Z373: 104.46 | AA373: 104.06 | AB373: 103.6 | AC373: 103.92 | AD373: 104.44 | AE373: 104.32 | AF373: 105.28 | AG373: =SUM(F373:R373) -> 1382.14 | AH373: =SUM(S373) -> 105.78 | AI373: =SUM(T373:V373) -> 319.7 | AJ373: =SUM(W373) -> 100.36667 | AK373: =SUM(X373) -> 105.9 | AL373: =SUM(Y373:AE373) -> 730

Sheet Problem-1
A1: Status | B1: Category | G1: Category | H1: Value | I1: Contribution
A2: Cereals and products | B2: Food and Beverages | G2: Food and Beverages | H2: =SUM('Cleaned Data'!F4:R4) -> 2306.9 | I2: =H2/$H$8*100 -> 49.563854
A3: Meat and fish | B3: Food and Beverages | G3: Pan, tobacco and intoxicants | H3: 201 | I3: =H3/$H$8*100 -> 4.3184943
A4: Egg | B4: Food and Beverages | G4: Clothing and Footwear | H4: =SUM('Cleaned Data'!T4:V4) -> 553.2 | I4: =H4/$H$8*100 -> 11.885528
A5: Milk and products | B5: Food and Beverages | G5: Housing | H5: 175.6 | I5: =H5/$H$8*100 -> 3.7727741
A6: Oils and fats | B6: Food and Beverages | G6: Fuel and Light | H6: 182.8 | I6: =H6/$H$8*100 -> 3.9274665
A7: Fruits | B7: Food and Beverages | G7: Misc | H7: =SUM('Cleaned Data'!Y4:AE4) -> 1234.9 | I7: =H7/$H$8*100 -> 26.531884
A8: Vegetables | B8: Food and Beverages | G8: Total | H8: =SUM(H2:H7) -> 4654.4
A9: Pulses and products | B9: Food and Beverages
A10: Sugar and Confectionery | B10: Food and Beverages
A11: Spices | B11: Food and Beverages
A12: Non-alcoholic beverages | B12: Food and Beverages
A13: Prepared meals, scks, sweets etc. | B13: Food and Beverages
A14: Food and beverages | B14: Food and Beverages
A15: Pan, tobacco and intoxicants | B15: Pan, tobacco and intoxicants
A16: Clothing | B16: Clothing and Footwear
A17: Footwear | B17: Clothing and Footwear
A18: Clothing and footwear | B18: Clothing and Footwear
A19: Housing | B19: Housing
A20: Fuel and light | B20: Fuel and Light
... A27: Miscellaneous | B27: Misc

Sheet Problem-2
C2: Calculated YOY growth - Urban + Rural
C3: Years | D3: January | E3: December | F3: YOY | K3: Year - 2019 | L3: Food and Beverages | M3: Pan, tobacco and intoxicants | N3: Clothing and Footwear | O3: Housing | P3: Fuel and Light | Q3: Misc
C4: 2017 | D4: =SUMIFS('Cleaned Data'!AF:AF,'Cleaned Data'!A:A,"Rural+Urban",'Cleaned Data'!B:B,"2017",'Cleaned Data'!C:C,"January") -> 130.9 | E4: =SUMIFS('Cleaned Data'!AF:AF,'Cleaned Data'!B:B,"2017",'Cleaned Data'!A:A,"Rural+Urban",'Cleaned Data'!C:C,"December") -> 137.2 | F4: =(E4-D4)/(D4) -> 0.048128342 | K4: January | L4: 135.16 | M4: 163.44 | N4: 145.06 | O4: 148.23 | P4: 139.34 | Q4: 139.72
C5: 2018 | D5: =SUMIFS('Cleaned Data'!AF:AF,'Cleaned Data'!A:A,"Rural+Urban",'Cleaned Data'!B:B,"2018",'Cleaned Data'!C:C,"January") -> 136.9 | E5: =SUMIFS('Cleaned Data'!AF:AF,'Cleaned Data'!B:B,"2018",'Cleaned Data'!A:A,"Rural+Urban",'Cleaned Data'!C:C,"December") -> 139.94 | F5: =(E5-D5)/(D5) -> 0.02220599 | K5: December | L5: 148.92 | M5: 169.3 | N5: 147.46 | O5: 153.53 | P5: 145.22 | Q5: 145.53
C6: 2019 | D6: =SUMIFS('Cleaned Data'!AF:AF,'Cleaned Data'!A:A,"Rural+Urban",'Cleaned Data'!B:B,"2019",'Cleaned Data'!C:C,"January") -> 140.06 | E6: =SUMIFS('Cleaned Data'!AF:AF,'Cleaned Data'!B:B,"2019",'Cleaned Data'!A:A,"Rural+Urban",'Cleaned Data'!C:C,"December") -> 150.22 | F6: =(E6-D6)/(D6) -> 0.07254034 | K6: Inflation Rate | L6: =(L5-L4)/(L4) -> 0.10180527 | M6: =(M5-M4)/(M4) -> 0.035854136 | N6: =(N5-N4)/(N4) -> 0.016544878 | O6: =(O5-O4)/(O4) -> 0.035755245 | P6: =(P5-P4)/(P4) -> 0.042198938 | Q6: =(Q5-Q4)/(Q4) -> 0.041583166
C7: 2020 | D7: =SUMIFS('Cleaned Data'!AF:AF,'Cleaned Data'!A:A,"Rural+Urban",'Cleaned Data'!B:B,"2020",'Cleaned Data'!C:C,"January") -> 149.44 | E7: =SUMIFS('Cleaned Data'!AF:AF,'Cleaned Data'!B:B,"2020",'Cleaned Data'!A:A,"Rural+Urban",'Cleaned Data'!C:C,"December") -> 157.48 | F7: =(E7-D7)/(D7) -> 0.053800857
C8: 2021 | D8: =SUMIFS('Cleaned Data'!AF:AF,'Cleaned Data'!A:A,"Rural+Urban",'Cleaned Data'!B:B,"2021",'Cleaned Data'!C:C,"January") -> 156.76 | E8: =SUMIFS('Cleaned Data'!AF:AF,'Cleaned Data'!B:B,"2021",'Cleaned Data'!A:A,"Rural+Urban",'Cleaned Data'!C:C,"December") -> 166 | F8: =(E8-D8)/(D8) -> 0.058943608
C9: 2022 | D9: =SUMIFS('Cleaned Data'!AF:AF,'Cleaned Data'!A:A,"Rural+Urban",'Cleaned Data'!B:B,"2022",'Cleaned Data'!C:C,"January") -> 166.54 | E9: =SUMIFS('Cleaned Data'!AF:AF,'Cleaned Data'!B:B,"2022",'Cleaned Data'!A:A,"Rural+Urban",'Cleaned Data'!C:C,"December") -> 176.58 | F9: =(E9-D9)/(D9) -> 0.060285817
K10: 1. Y-O-Y inflation rate graph gives 2019 as highest year 2. Due to increase in Food and beverages by 10% Overall inflation increased in the year 2019

Sheet Problem-3
B1: Month | C1: (All)
B2: Sector | C2: Rural+Urban | K2: Individual Category wise Inflation | R2: Month | S2: (All)
B3: Year | C3: (Multiple Items) | E3: MOM Inflation of Food and Beverages | K3: Category | L3: 2022-June | M3: 2023-May | N3: Inflation | R3: Sector | S3: Rural+Urban
E4: Month | F4: Sum of Food and Beverages2 | G4: Inflation | K4: Cereals and products | L4: 157.1 | M4: 173.7 | N4: =(M4-L4)/L4 -> 0.10566518 | R4: Year | S4: (Multiple Items)
B5: Row Labels | C5: Sum of Food and Beverages2 | E5: 2022-June | F5: 2265.62 | G5: =(F6-F5)/F6 -> 0.0021756747 | K5: Meat and fish | L5: 212.88 | M5: 214.3 | N5: =(M5-L5)/L5 -> 0.0066704247
B6: 2022-June | C6: 2265.62 | E6: 2022-July | F6: 2270.56 | G6: =(F6-F5)/F6 -> 0.0021756747 | K6: Egg | L6: 173.04 | M6: 173.2 | N6: =(M6-L6)/L6 -> 0.0009246417 | R6: Row Labels | S6: Sum of Cereals and products | T6: Sum of Meat and fish | U6: Sum of Egg | V6: Sum of Milk and products | W6: Sum of Oils and fats | X6: Sum of Fruits | Y6: Sum of Vegetables | Z6: Sum of Pulses and products | AA6: Sum of Sugar and Confectionery | AB6: Sum of Spices | AC6: Sum of Non-alcoholic beverages | AD6: Sum of Prepared meals, scks, sweets etc. | AE6: Sum of Food and beverages
B7: 2022-July | C7: 2270.56 | E7: 2022-August | F7: 2281.76 | G7: =(F7-F6)/F7 -> 0.0049084917 | K7: Milk and products | L7: 166.74 | M7: 179.5 | N7: =(M7-L7)/L7 -> 0.076526328 | R7: 2022-June | S7: 157.1 | T7: 212.88 | U7: 173.04 | V7: 166.74 | W7: 196.36 | X7: 172.44 | Y7: 182.92 | Z7: 164.82 | AA7: 120.16 | AB7: 190.16 | AC7: 169.08 | AD7: 184.78 | AE7: 175.14
B8: 2022-August | C8: 2281.76 | E8: 2022-September | F8: 2294.54 | G8: =(F8-F7)/F8 -> 0.0055697438 | K8: Oils and fats | L8: 196.36 | M8: 170 | N8: =(M8-L8)/L8 -> -0.13424323 | R8: 2022-July | S8: 160.26 | T8: 208.24 | U8: 170.46 | V8: 168.1 | W8: 192.58 | X8: 171.5 | Y8: 186.38 | Z8: 166.98 | AA8: 120.82 | AB8: 193.6 | AC8: 169.58 | AD8: 185.84 | AE8: 176.22
B9: 2022-September | C9: 2294.54 | E9: 2022-October | F9: 2294.66 | G9: =(F9-F8)/F9 -> 5.2295329e-05 | K9: Fruits | L9: 172.44 | M9: 172.2 | N9: =(M9-L9)/L9 -> -0.0013917884 | R9: 2022-August | S9: 163.26 | T9: 208.98 | U9: 169.82 | V9: 169.66 | W9: 189.22 | X9: 166.48 | Y9: 192.2 | Z9: 168.84 | AA9: 121.5 | AB9: 197.04 | AC9: 170.1 | AD9: 186.9 | AE9: 177.76
B10: 2022-October | C10: 2294.66 | E10: 2022-November | F10: 2287.26 | G10: =(F10-F9)/F10 -> -0.0032353121 | K10: Vegetables | L10: 182.92 | M10: 161 | N10: =(M10-L10)/L10 -> -0.11983381 | R10: 2022-September | S10: 165.34 | T10: 210.2 | U10: 172.6 | V10: 170.96 | W10: 187.7 | X10: 163.3 | Y10: 195.3 | Z10: 169.74 | AA10: 121.9 | AB10: 200 | AC10: 170.62 | AD10: 187.94 | AE10: 178.94
B11: 2022-November | C11: 2287.26 | E11: 2022-December | F11: 2287.04 | G11: =(F11-F10)/F11 -> -9.6194207e-05 | K11: Pulses and products | L11: 164.82 | M11: 175.6 | N11: =(M11-L11)/L11 -> 0.065404684 | R11: 2022-October | S11: 167.34 | T11: 209.56 | U11: 180.96 | V11: 172.24 | W11: 188.66 | X11: 160.58 | Y11: 182.02 | Z11: 170.4 | AA11: 122.02 | AB11: 202.76 | AC11: 171.12 | AD11: 188.96 | AE11: 178.04
B12: 2022-December | C12: 2287.04 | E12: 2023-January | F12: 2281.3 | G12: =(F12-F11)/F12 -> -0.0025161092 | K12: Sugar and Confectionery | L12: 120.16 | M12: 122.7 | N12: =(M12-L12)/L12 -> 0.021138482 | R12: 2022-November | S12: 169.92 | T12: 209.3 | U12: 189.1 | V12: 173.5 | W12: 188.6 | X12: 158.24 | Y12: 162.96 | Z12: 170.76 | AA12: 121.7 | AB12: 205.3 | AC12: 171.58 | AD12: 189.86 | AE12: 176.44
B13: 2023-January | C13: 2281.3 | E13: 2023-February | F13: 2280.34 | G13: =(F13-F12)/F13 -> -0.00042098985 | K13: Spices | L13: 190.16 | M13: 218 | N13: =(M13-L13)/L13 -> 0.14640303 | R13: 2022-December | S13: 172.9 | T13: 209.68 | U13: 189.7 | V13: 174.94 | W13: 185.94 | X13: 160.06 | Y13: 154.58 | Z13: 170.8 | AA13: 121 | AB13: 208.1 | AC13: 172.12 | AD13: 190.84 | AE13: 176.38
B14: 2023-February | C14: 2280.34 | E14: 2023-March | F14: 2290.28 | G14: =(F14-F13)/F14 -> 0.0043400807 | K14: Non-alcoholic beverages | L14: 169.08 | M14: 173.4 | N14: =(M14-L14)/L14 -> 0.025550035 | R14: 2023-January | S14: 174.28 | T14: 208.2 | U14: 178.94 | V14: 176.76 | W14: 181.08 | X14: 166.86 | Y14: 152.84 | Z14: 171 | AA14: 120.24 | AB14: 209.42 | AC14: 172.76 | AD14: 192.12 | AE14: 176.8
B15: 2023-March | C15: 2290.28 | E15: 2023-April | F15: 2305.575 | G15: =(F15-F14)/F15 -> 0.00663392 | K15: Prepared meals, scks, sweets etc. | L15: 184.78 | M15: 194.2 | N15: =(M15-L15)/L15 -> 0.050979543 | R15: 2023-February | S15: 174.22 | T15: 207.94 | U15: 173.88 | V15: 177.54 | W15: 178.5 | X15: 170.4 | Y15: 153.02 | Z15: 171.52 | AA15: 120.28 | AB15: 210.36 | AC15: 173.06 | AD15: 192.6 | AE15: 177.02
B16: 2023-April | C16: 2305.575 | E16: 2023-May | F16: 2306.9 | G16: =(F16-F15)/F16 -> 0.00057436386 | K16: Food and beverages | L16: 175.14 | M16: 179.1 | N16: =(M16-L16)/L16 -> 0.022610483 | R16: 2023-March | S16: 173.9 | T16: 209.82 | U16: 171.22 | V16: 178.46 | W16: 174.92 | X16: 173.54 | Y16: 155.92 | Z16: 173.38 | AA16: 121.34 | AB16: 213.38 | AC16: 173.52 | AD16: 193.02 | AE16: 177.86
B17: 2023-May | C17: 2306.9 | E17: Grand Total | F17: 27445.835 | G17: =AVERAGE(G5:G16) -> 0.0016801366 | R17: 2023-April | S17: 173.85 | T17: 213.625 | U17: 172.625 | V17: 179.225 | W17: 170.65 | X17: 173.325 | Y17: 162.525 | Z17: 175.2 | AA17: 122.525 | AB17: 215.95 | AC17: 172.725 | AD17: 194.125 | AE17: 179.225
B18: Grand Total | C18: 27445.835 | R18: 2023-May | S18: 173.7 | T18: 214.3 | U18: 173.2 | V18: 179.5 | W18: 170 | X18: 172.2 | Y18: 161 | Z18: 175.6 | AA18: 122.7 | AB18: 218 | AC18: 173.4 | AD18: 194.2 | AE18: 179.1
R19: Grand Total | S19: 2026.07 | T19: 2522.725 | U19: 2115.545 | V19: 2087.625 | W19: 2204.21 | X19: 2008.925 | Y19: 2041.665 | Z19: 2049.04 | AA19: 1456.185 | AB19: 2464.07 | AC19: 2059.665 | AD19: 2281.185 | AE19: 2128.925
E37: 1. Highest Food Inflation - 2023 April with 0.7% Inflation 2. Lowest Inflation - 2023 May with 0.1% Inflation | K37: 1. Biggest Individual Category Contributor - Spices with 15% contribution

Sheet Problem-4
D3: Inflation before Covid-19 | L3: Inflation After Covid-19
D5: Broader Categories | E5: Category | F5: 43525 | G5: 43891 | H5: YOY Inflation | L5: Broader Categories | M5: Category | N5: 43891 | O5: 44256 | P5: YOY Inflation
D6: Clothing and Footwear | E6: Footwear | F6: 141.02 | G6: 141.9 | H6: =(G6-F6)/F6 -> 0.0062402496 | L6: Food and Beverages | M6: Vegetables | N6: 167.15 | O6: 145.74 | P6: =(O6-N6)/N6 -> -0.12808854
D7: Misc | E7: Household goods and services | F7: 144.76 | G7: 146.4 | H7: =(G7-F7)/F7 -> 0.011329096 | L7: Food and Beverages | M7: Sugar and Confectionery | N7: 118.625 | O7: 113.4 | P7: =(O7-N7)/N7 -> -0.044046365
D8: Clothing and Footwear | E8: Clothing and footwear | F8: 147.52 | G8: 149.8 | H8: =(G8-F8)/F8 -> 0.015455531 | L8: Food and Beverages | M8: Cereals and products | N8: 148.2 | O8: 144.76 | P8: =(O8-N8)/N8 -> -0.023211876
D9: Food and Beverages | E9: Non-alcoholic beverages | F9: 134.46 | G9: 136.55 | H9: =(G9-F9)/F9 -> 0.015543656 | L9: Food and Beverages | M9: Milk and products | N9: 154.55 | O9: 155.42 | P9: =(O9-N9)/N9 -> 0.0056292462
D10: Clothing and Footwear | E10: Clothing | F10: 148.6 | G10: 151.2 | H10: =(G10-F10)/F10 -> 0.017496635 | L10: Housing | M10: Housing | N10: 155.23333 | O10: 160.9 | P10: =(O10-N10)/N10 -> 0.036504187
D11: Misc | E11: Education | F11: 152.86 | G11: 156.1 | H11: =(G11-F11)/F11 -> 0.021195865 | L11: Misc | M11: Education | N11: 156.1 | O11: 161.96 | P11: =(O11-N11)/N11 -> 0.037540038
D12: Misc | E12: Recreation and amusement | F12: 140.64 | G12: 143.7 | H12: =(G12-F12)/F12 -> 0.021757679 | L12: Misc | M12: Household goods and services | N12: 146.4 | O12: 152.98 | P12: =(O12-N12)/N12 -> 0.044945355
D13: Misc | E13: Health | F13: 147.18 | G13: 150.525 | H13: =(G13-F13)/F13 -> 0.022727273 | L13: Food and Beverages | M13: Food and beverages | N13: 150.975 | O13: 158.2 | P13: =(O13-N13)/N13 -> 0.047855605
D14: Food and Beverages | E14: Prepared meals, scks, sweets etc. | F14: 155.64 | G14: 159.6 | H14: =(G14-F14)/F14 -> 0.025443331 | L14: Clothing and Footwear | M14: Clothing | N14: 151.2 | O14: 159.7 | P14: =(O14-N14)/N14 -> 0.056216931
D15: Fuel and light | E15: Fuel and light | F15: 140.82 | G15: 144.625 | H15: =(G15-F15)/F15 -> 0.02702031 | L15: Clothing and Footwear | M15: Clothing and footwear | N15: 149.8 | O15: 158.3 | P15: =(O15-N15)/N15 -> 0.056742323
D16: Food and Beverages | E16: Fruits | F16: 144.16 | G16: 148.15 | H16: =(G16-F16)/F16 -> 0.02767758 | L16: Food and Beverages | M16: Spices | N16: 155.75 | O16: 164.86 | P16: =(O16-N16)/N16 -> 0.058491172
D17: Misc | E17: Transport and communication | F17: 126 | G17: 129.9 | H17: =(G17-F17)/F17 -> 0.030952381 | L17: Food and Beverages | M17: Prepared meals, scks, sweets etc. | N17: 159.6 | O17: 169.02 | P17: =(O17-N17)/N17 -> 0.059022556
... D31: Food and Beverages | E31: Pulses and products | F31: 124.98 | G31: 148.125 | H31: =(G31-F31)/F31 -> 0.18518963 | L31: Food and Beverages | M31: Oils and fats | N31: 133.75 | O31: 171 | P31: =(O31-N31)/N31 -> 0.27850467

Sheet Problem-5
M1: Correlation Between Categories and Imported Crude Oil (Rural+Urban)
B2: Year | C2: Crude Oil Import In (Rs.) | D2: Total Import of Oil | F2: Category | G2: Sector | H2: Correlation 2021-23 Crude Oil Import | I2: Correlation 2021-23 Total Oil Import | M2: Category | N2: Correlation 2021-23 Crude Oil Import
B3: 45403 | C3: 63309 | D3: 74208 | F3: Cereals and products | G3: Rural+Urban | H3: =CORREL($C$3:$C$26,B38:Y38) -> 0.38366095 | I3: =CORREL($D$3:$D$26,B38:Y38) -> 0.39372805 | M3: Meat and fish | N3: 0.77688985
B4: 45433 | C4: 60800 | D4: 70046 | F4: Meat and fish | G4: Rural+Urban | H4: =CORREL($C$3:$C$26,B39:Y39) -> 0.77688985 | I4: =CORREL($D$3:$D$26,B39:Y39) -> 0.77255557 | M4: Oils and fats | N4: 0.76921432
B5: 45464 | C5: 61073 | D5: 71679 | F5: Egg | G5: Rural+Urban | H5: =CORREL($C$3:$C$26,B40:Y40) -> -0.2299921 | I5: =CORREL($D$3:$D$26,B40:Y40) -> -0.21698221 | M5: Transport and communication | N5: 0.74967937
B6: 45494 | C6: 59461 | D6: 72860 | F6: Milk and products | G6: Rural+Urban | H6: =CORREL($C$3:$C$26,B41:Y41) -> 0.49262019 | I6: =CORREL($D$3:$D$26,B41:Y41) -> 0.50472652 | M6: Recreation and amusement | N6: 0.68895028
B7: 45525 | C7: 67311 | D7: 80983 | F7: Fruits | G7: Rural+Urban | H7: =CORREL($C$3:$C$26,B42:Y42) -> 0.47358095 | I7: =CORREL($D$3:$D$26,B42:Y42) -> 0.44257294 | M7: Food and beverages | N7: 0.6625879
B8: 45556 | C8: 69110 | D8: 83035 | F8: Oils and fats | G8: Rural+Urban | H8: =CORREL($C$3:$C$26,B43:Y43) -> 0.76921432 | I8: =CORREL($D$3:$D$26,B43:Y43) -> 0.77470173 | M8: Fuel and light | N8: 0.65912539
B9: 45586 | C9: 72054 | D9: 91472 | F9: Vegetables | G9: Rural+Urban | H9: =CORREL($C$3:$C$26,B44:Y44) -> 0.37988605 | I9: =CORREL($D$3:$D$26,B44:Y44) -> 0.39369456 | M9: Footwear | N9: 0.65523459
B10: 45617 | C10: 79009 | D10: 95105 | F10: Pulses and products | G10: Rural+Urban | H10: =CORREL($C$3:$C$26,B45:Y45) -> 0.12989673 | I10: =CORREL($D$3:$D$26,B45:Y45) -> 0.14296362 | M10: General index | N10: 0.6531164
B11: 45647 | C11: 81771 | D11: 100381 | F11: Sugar and Confectionery | G11: Rural+Urban | H11: =CORREL($C$3:$C$26,B46:Y46) -> 0.45725328 | I11: =CORREL($D$3:$D$26,B46:Y46) -> 0.49284745 | M11: Miscellaneous | N11: 0.63708981
B12: 45313 | C12: 86693 | D12: 101828 | F12: Spices | G12: Rural+Urban | H12: =CORREL($C$3:$C$26,B47:Y47) -> 0.49085655 | I12: =CORREL($D$3:$D$26,B47:Y47) -> 0.49600213 | M12: Clothing and footwear | N12: 0.62914069
B13: 45344 | C13: 87441 | D13: 102318 | F13: Non-alcoholic beverages | G13: Rural+Urban | H13: =CORREL($C$3:$C$26,B48:Y48) -> 0.62035225 | I13: =CORREL($D$3:$D$26,B48:Y48) -> 0.63611167 | M13: Clothing | N13: 0.62398831
B14: 45373 | C14: 113229 | D14: 134181 | F14: Prepared meals, snacks, sweets etc. | G14: Rural+Urban | H14: =CORREL($C$3:$C$26,B49:Y49) -> 0.58818533 | I14: =CORREL($D$3:$D$26,B49:Y49) -> 0.59822001 | M14: Household goods and services | N14: 0.62373881
... B26: 45374 | C26: 89613 | D26: 107656 | F26: Education | G26: Rural+Urban | H26: =CORREL($C$3:$C$26,B61:Y61) -> 0.55198083 | I26: =CORREL($D$3:$D$26,B61:Y61) -> 0.55988052 | M26: Cereals and products | N26: 0.38366095
F27: Personal care and effects | G27: Rural+Urban | H27: =CORREL($C$3:$C$26,B62:Y62) -> 0.5533572 | I27: =CORREL($D$3:$D$26,B62:Y62) -> 0.56755625 | M27: Vegetables | N27: 0.37988605
F28: Miscellaneous | G28: Rural+Urban | H28: =CORREL($C$3:$C$26,B63:Y63) -> 0.63708981 | I28: =CORREL($D$3:$D$26,B63:Y63) -> 0.65067622 | M28: Pulses and products | N28: 0.12989673
F29: General index | G29: Rural+Urban | H29: =CORREL($C$3:$C$26,B64:Y64) -> 0.6531164 | I29: =CORREL($D$3:$D$26,B64:Y64) -> 0.66442614 | M29: Egg | N29: -0.2299921
A37: Categories | B37: 2021 April | C37: 2021 May | D37: 2021 June | E37: 2021 July | F37: 2021 August | G37: 2021 September | H37: 2021 October | I37: 2021 November | J37: 2021 December | K37: 2022 January | L37: 2022 February | M37: 2022 March | N37: 2022 April | O37: 2022 May | P37: 2022 June | Q37: 2022 July | R37: 2022 August | S37: 2022 September | T37: 2022 October | U37: 2022 November | V37: 2022 December | W37: 2023 January | X37: 2023 February | Y37: 2023 March
A38: Average of Cereals and products | B38: 144.3 | C38: 146.3 | D38: 146.7 | E38: 146.4 | F38: 146.6 | G38: 146.6 | H38: 147.4 | I38: 148.2 | J38: 148.7 | K38: 149.5 | L38: 150 | M38: 151.3 | N38: 152.9 | O38: 154.1 | P38: 155 | Q38: 156.5 | R38: 160.3 | S38: 163.5 | T38: 165.2 | U38: 167.4 | V38: 169.2 | W38: 173.8 | X38: 174.4 | Y38: 174.4
A39: Average of Meat and fish | B39: 198 | C39: 200.5 | D39: 202 | E39: 206.8 | F39: 204 | G39: 204 | H39: 204.6 | I39: 201.6 | J39: 198.8 | K39: 198.7 | L39: 200.6 | M39: 210.7 | N39: 211.8 | O39: 217 | P39: 219.4 | Q39: 213 | R39: 206.5 | S39: 209.2 | T39: 210.9 | U39: 209.4 | V39: 209 | W39: 210.7 | X39: 207.7 | Y39: 207.7
A40: Average of Egg | B40: 164.6 | C40: 170.3 | D40: 180.7 | E40: 182.2 | F40: 172.8 | G40: 172.8 | H40: 171.2 | I40: 173 | J40: 177.9 | K40: 178.8 | L40: 175.8 | M40: 167.8 | N40: 164.5 | O40: 162.4 | P40: 170.8 | Q40: 175.2 | R40: 169.2 | S40: 169.7 | T40: 170.9 | U40: 181.4 | V40: 190.2 | W40: 194.5 | X40: 175.2 | Y40: 175.2
A41: Average of Milk and products | B41: 155.4 | C41: 156.1 | D41: 156.2 | E41: 157.5 | F41: 158.4 | G41: 158.4 | H41: 158.7 | I41: 159.3 | J41: 159.9 | K41: 160.5 | L41: 160.7 | M41: 162.2 | N41: 163.9 | O41: 164.9 | P41: 165.8 | Q41: 166.6 | R41: 168.1 | S41: 169.7 | T41: 170.9 | U41: 172.3 | V41: 173.6 | W41: 174.6 | X41: 177.3 | Y41: 177.3
A42: Average of Fruits | B42: 164.4 | C42: 167.1 | D42: 164.6 | E42: 163.9 | F42: 156.8 | G42: 156.7 | H42: 155.7 | I42: 156.5 | J42: 154.9 | K42: 153.7 | L42: 153.7 | M42: 157.6 | N42: 172.6 | O42: 171 | P42: 169.7 | Q42: 174.2 | R42: 172.9 | S42: 165.7 | T42: 163.8 | U42: 160.7 | V42: 158 | W42: 158.3 | X42: 169.5 | Y42: 169.5
A43: Average of Oils and fats | B43: 170.1 | C43: 178.7 | D43: 183.7 | E43: 182.1 | F43: 188 | G43: 188 | H43: 190.6 | I43: 190.1 | J43: 187.6 | K43: 184.7 | L43: 184.9 | M43: 194.6 | N43: 199.5 | O43: 202.4 | P43: 200.9 | Q43: 195.8 | R43: 192.4 | S43: 188.7 | T43: 186.5 | U43: 188.9 | V43: 188.5 | W43: 187.2 | X43: 179.3 | Y43: 179.2
A44: Average of Vegetables | B44: 144.1 | C44: 147.9 | D44: 155.4 | E44: 164.2 | F44: 162.2 | G44: 162.3 | H44: 185.3 | I44: 199.2 | J44: 188.3 | K44: 174.3 | L44: 169.7 | M44: 166.9 | N44: 166.2 | O44: 174.9 | P44: 182.3 | Q44: 182.1 | R44: 186.7 | S44: 191.8 | T44: 199.7 | U44: 183.1 | V44: 159.9 | W44: 153.9 | X44: 152.7 | Y44: 152.8
A45: Average of Pulses and products | B45: 161.7 | C45: 165.4 | D45: 166 | E45: 164 | F45: 164.1 | G45: 164.1 | H45: 165.2 | I45: 165.3 | J45: 164.4 | K45: 163.9 | L45: 163.7 | M45: 163.9 | N45: 164.7 | O45: 164.7 | P45: 164.3 | Q45: 164.3 | R45: 167.2 | S45: 169.1 | T45: 169.8 | U45: 170.5 | V45: 170.8 | W45: 170.9 | X45: 171 | Y45: 171.1
A46: Average of Sugar and Confectionery | B46: 113.1 | C46: 114.8 | D46: 115.1 | E46: 114.5 | F46: 119.7 | G46: 119.7 | H46: 121.9 | I46: 122.4 | J46: 121 | K46: 120 | L46: 118.9 | M46: 118.8 | N46: 119 | O46: 119.7 | P46: 119.9 | Q46: 120 | R46: 120.9 | S46: 121.6 | T46: 121.9 | U46: 122.1 | V46: 121.8 | W46: 121.1 | X46: 120 | Y46: 120
A47: Average of Spices | B47: 163.9 | C47: 168.2 | D47: 168.5 | E47: 168.3 | F47: 168.8 | G47: 168.8 | H47: 169.3 | I47: 169.6 | J47: 170.5 | K47: 172.1 | L47: 174.3 | M47: 177.4 | N47: 181.3 | O47: 184.9 | P47: 187.1 | Q47: 190 | R47: 193.6 | S47: 197.3 | T47: 199.9 | U47: 202.8 | V47: 205.2 | W47: 208.4 | X47: 209.7 | Y47: 209.7
A48: Average of Non-alcoholic beverages | B48: 157.6 | C48: 159.3 | D48: 160 | E48: 160.9 | F48: 162.7 | G48: 162.7 | H48: 163.2 | I48: 163.7 | J48: 164.2 | K48: 164.3 | L48: 164.7 | M48: 165.3 | N48: 166.2 | O48: 167.1 | P48: 167.9 | Q48: 168.4 | R48: 168.8 | S48: 169.4 | T48: 169.9 | U48: 170.4 | V48: 171 | W48: 171.4 | X48: 172.3 | Y48: 172.3
A49: Average of Prepared meals, snacks, sweets etc. | B49: 168.9 | C49: 170.4 | D49: 172.4 | E49: 172.2 | F49: 173.9 | G49: 173.9 | H49: 174.7 | I49: 175.5 | J49: 176.5 | K49: 177.3 | L49: 178 | M49: 179.3 | N49: 180.9 | O49: 182.5 | P49: 183.9 | Q49: 185.2 | R49: 186.3 | S49: 187.4 | T49: 188.3 | U49: 189.5 | V49: 190.3 | W49: 191.2 | X49: 193 | Y49: 193
... A64: Average of General index | B64: 157.8 | C64: 160.4 | D64: 161.3 | E64: 162.5 | F64: 163.2 | G64: 163.2 | H64: 165.5 | I64: 166.7 | J64: 166.2 | K64: 165.7 | L64: 166.1 | M64: 167.7 | N64: 170.1 | O64: 171.7 | P64: 172.6 | Q64: 173.4 | R64: 174.3 | S64: 175.3 | T64: 176.7 | U64: 176.5 | V64: 175.7 | W64: 176.5 | X64: 177.2 | Y64: 177.2
